,subreddit,subscribers
0,Art,8032656.0
1,AskReddit,13674707.0
2,DIY,8749015.0
3,Documentaries,8287913.0
4,EarthPorn,10155022.0
5,Futurology,8315280.0
6,GetMotivated,8278023.0
7,IAmA,13156037.0
8,InternetIsBeautiful,8525262.0
9,Jokes,8523235.0
10,LifeProTips,9166443.0
11,Music,11993228.0
12,OldSchoolCool,8131549.0
13,Showerthoughts,8728142.0
14,TwoXChromosomes,7666097.0
15,UpliftingNews,8188309.0
16,WritingPrompts,7883373.0
17,announcements,13094027.0
18,askscience,10524295.0
19,aww,11807174.0
20,blog,12343366.0
21,books,9818742.0
22,creepy,7999507.0
23,dataisbeautiful,8332270.0
24,explainlikeimfive,10580771.0
25,food,8431359.0
26,funny,13565968.0
27,gadgets,8404224.0
28,gaming,12672237.0
29,gifs,10764454.0
30,history,8401052.0
31,listentothis,8226963.0
32,mildlyinteresting,8861676.0
33,movies,12337885.0
34,news,10776464.0
35,nosleep,7982439.0
36,nottheonion,8360001.0
37,personalfinance,8279119.0
38,philosophy,8195916.0
39,photoshopbattles,8387447.0
40,pics,13374333.0
41,science,13369972.0
42,space,8677028.0
43,sports,8624334.0
44,television,9591238.0
45,tifu,8525152.0
46,todayilearned,13534670.0
47,videos,12681916.0
48,worldnews,13331575.0
