name,subreddit,date,weight
qgyh2,gadgets,1218126350.0,1
EatSleepJeep,sports,1261697147.0,1
Dacvak,gaming,1313079077.0,1
IKingJeremy,gaming,1362637640.0,1
qgyh2,pics,1217851594.0,1
krispykrackers,pics,1255700576.0,1
qgyh2,worldnews,1201231119.0,1
doug3465,videos,1297779059.0,1
krispykrackers,AskReddit,1240959297.0,1
Ooer,AskReddit,1331842601.0,1
IKingJeremy,AskReddit,1427682858.0,1
careless,aww,1384990114.0,1
Factran,Music,1292958008.0,1
Kylde,funny,1306884548.0,1
douglasmacarthur,news,1343801172.0,1
Kylde,news,1343954920.0,1
IKingJeremy,news,1399588680.0,1
girafa,movies,1331133712.0,1
spladug,blog,1314993315.0,1
DaedalusMinion,books,1462900209.0,1
wemtastic,books,1462900392.0,1
davidreiss666,history,1272765613.0,1
Ooer,food,1346348656.0,1
davidreiss666,food,1379642748.0,1
Burnage,philosophy,1322269392.0,1
brtw,television,1201276354.0,1
ManWithoutModem,television,1374024796.0,1
Kylde,television,1461283666.0,1
Daleeburg,Jokes,1201282273.0,1
Thumperings,Art,1201282724.0,1
Thumperings,DIY,1201283064.0,1
ManWithoutModem,space,1332289895.0,1
doug3465,space,1443156671.0,1
Ulvund,Documentaries,1206105722.0,1
MockDeath,askscience,1270235724.0,1
Burnage,askscience,1411307032.0,1
MillenniumFalc0n,nottheonion,1352784462.0,1
nix0n,todayilearned,1230446821.0,1
Kylde,todayilearned,1469480231.0,1
gen3ric,personalfinance,1234147332.0,1
darmon,gifs,1234606607.0,1
evilnight,listentothis,1265054326.0,1
DaedalusMinion,listentothis,1446577693.0,1
IKingJeremy,IAmA,1445959999.0,1
spladug,announcements,1291662588.0,1
HiFructoseCornFeces,TwoXChromosomes,1247773984.0,1
ContentWithOurDecay,creepy,1263763359.0,1
cmd102,nosleep,1473509739.0,1
TheCourageWolf,GetMotivated,1324164235.0,1
jaxspider,GetMotivated,1341346114.0,1
davidreiss666,GetMotivated,1433296385.0,1
RyanKinder,WritingPrompts,1342997720.0,1
Shigofumi,LifeProTips,1337626941.0,1
davidreiss666,LifeProTips,1454861927.0,1
jaxspider,EarthPorn,1300256632.0,1
MillenniumFalc0n,EarthPorn,1398066982.0,1
ManWithoutModem,EarthPorn,1452882637.0,1
bossgalaga,explainlikeimfive,1311866500.0,1
drumcowski,Showerthoughts,1357782879.0,1
ManWithoutModem,Showerthoughts,1357784794.0,1
Dacvak,Showerthoughts,1374044617.0,1
Xenophon1,Futurology,1323680736.0,1
atomichugbot,photoshopbattles,1327011022.0,1
bhrossman,mildlyinteresting,1328473131.0,1
rhiever,dataisbeautiful,1386769879.0,1
kinda_alone,tifu,1330829154.0,1
wemtastic,OldSchoolCool,1337950997.0,1
razorsheldon,UpliftingNews,1337129394.0,1
Roastmasters,InternetIsBeautiful,1343185372.0,1
jedberg,science,1228863514.0,1
brtw,science,1390345943.0,1
MockDeath,science,1436326968.0,1
rhiever,science,1436899023.0,1
