name,type
qgyh2,0
noeatnosleep,0
creesch,0
Lurlur,0
thejournalizer,0
captainmeta4,0
AutoModerator,0
qtx,0
Modmail_Archivist,0
_BindersFullOfWomen_,0
punnyverypunny,0
Jamie_Maclauchlan,0
infiniZii,0
BotBust,0
EatSleepJeep,0
GameMisconduct,0
caindaddy,0
honestbleeps,0
PhillyGreg,0
SportsMods,0
mattgrande,0
IranianGenius,0
english06,0
iBleeedorange,0
MannoSlimmins,0
YT_Killer,0
JonLuca,0
SEO_Nuke,0
RabbleRabble668,0
Dacvak,0
IKingJeremy,0
synbios16,0
Thorse,0
gamingmoderator,0
mookler,0
Rlight,0
mushroomwig,0
Analtoast,0
someguyinahat,0
delicious_cheese,0
MisterWoodhouse,0
NigelxD,0
krispykrackers,0
BritishEnglishPolice,0
jamt9000,0
GuitarFreak027,0
roger_,0
roger_bot,0
beernerd,0
PicsMod,0
eemiiilyy,0
Sheep-Shepard,0
AlGamaty,0
cwenham,0
ghostly175,0
mattythedog,0
allthefoxes,0
angrypotato1,0
bytester,0
lessons_learnt,0
tragopanic,0
siouxsie_siouxv2,0
adeadhead,0
picsbot,0
tizorres,0
RamsesThePigeon,0
N8theGr8,0
n_reineke,0
maxwellhill,0
anutensil,0
bennjammin,0
DoremusJessup,0
emmster,0
green_flash,0
PraiseBeToScience,0
WorldNewsMods,0
AssuredlyAThrowAway,0
DonTago,0
EightRoundsRapid,0
istara,0
Fluttershy_qtest,0
callumgg,0
Surf_Science,0
imdpathway,0
mike_pants,0
Isentrope,0
tonedeaf_sidekick,0
Carmac,0
pheonix200,0
PlanetGuy,0
alexander1701,0
tehsma,0
FirstPotato,0
Handicapreader,0
Battlefriend,0
UtterlyRelevant,0
wrc-wolf,0
imnoidiot5,0
10ebbor10,0
oreng,0
Ven_ae,0
that_70_show_fan,0
alekzander01,0
Caridor,0
alexksak,0
FlappyBored,0
isnotmad,0
a17p,0
TheMaskedTom,0
Reilly616,0
potatoesarenotcool,0
giantjesus,0
seewolfmdk,0
lumloon,0
jordumus,0
mutatron,0
SmugginOnTheInternet,0
Snukkems,0
brainiac3397,0
Anandya,0
tau-lepton,0
alfix8,0
ArchNemesisNoir,0
pvntr,0
raddaya,0
koproller,0
BoOogaBoOoga,0
WadeWilsonforPope,0
EonesDespero,0
TitaniumDragon,0
straylittlelambs,0
everydayasOrenG,0
dieyoufool3,0
MushroomMountain123,0
TheEarthquakeGuy,0
blurgtheamoeba,0
Revoran,0
PicturElements,0
Computer_Name,0
StratoDaster,0
GrumpyFinn,0
doug3465,0
DrJulianBashir,0
relic2279,0
mocotazo,0
PabstyLoudmouth,0
NeedAGoodUsername,0
SomethingIntangible,0
Flaccid_Moose,0
Azberg,0
acslaytaa,0
OBLIVIATER,0
jesuspunk,0
ThisIsMyFloor,0
Starayo,0
PhoneySoprano,0
Meepster23,0
TheMentalist10,0
MuggyFuzzball,0
Squibsie,0
Alfalfa_as_FUCK,0
xlnqeniuz,0
CodeWord_Dirtbag,0
jhc1415,0
cubbsfann1,0
Etaro,0
TheCellist,0
Ringbearer31,0
Legirion,0
Vewser,0
videos_mod,0
videosmods,0
flyryan,0
Ooer,0
ImNotJesus,0
ducky-box,0
canipaybycheck,0
noahjk,0
GustavoFrings,0
roastedbagel,0
UnholyDemigod,0
brownboy13,0
ani625,0
TheJackal8,0
sexrockandroll,0
CowJam,0
e36,0
pursuitoffappyness,0
DERPYBASTARD,0
XiKiilzziX,0
-eDgAR-,0
modmail_bot,0
Jakeable,0
Motha_Effin_Kitty_Yo,0
orangejulius,0
ecclectic,0
AlexTeddy888,0
metaranha,0
Seraph_Grymm,0
enantiodromia_,0
LALocal305,0
xingzhi,0
RakishiM,0
Cathlulu,0
SeriouslyAK,0
Doomhammer458,0
necrokitty,0
DragonflyWing,0
lotrouble,0
AskRedditModerators,0
MetalGilSolid,0
Pun-Master-General,0
teknrd,0
DrIblis,0
careless,0
moomookitty,0
MrsRatt,0
PenguinTransport,0
316nuts,0
absurdlyobfuscated,0
ParakeetNipple,0
KRaidium,0
earthceltic,0
broadwayguru,0
RicoVig,0
Clarkey7163,0
bigbluepanda,0
DaHitcha,0
kwwxis,0
friendly_repost_bot,0
Factran,0
Raerth,0
octatone,0
Skuld,0
StompingBrokenGlass,0
kaptain_carbon,0
empw,0
dhaft88,0
multi-mod,0
Flashynuff,0
arghdos,0
raddit-bot,0
rmusicmods,0
courtiebabe420,0
VIOLENT_POOP,0
UnimatrixZeroOne,0
HunterReddeh,0
stabbinU,0
DJ_Spam,0
amarsprabhu,0
astarkey12,0
luster,0
Kylde,0
complex_reduction,0
Lord_Nuke,0
DuckDragon,0
Kensin,0
funny_mod,0
KimJongUnchained,0
MrAwkwardCrotch,0
ScarletAngel,0
Umdlye,0
The_Majestic_,0
llehsadam,0
Covane,0
BestRbx,0
domdomegg,0
juhesihcaaa,0
UMKcentersnare,0
corey_m_snow,0
verdatum,0
douglasmacarthur,0
CandyManCan,0
Elderthedog,0
LuckyBdx4,0
pomosexuality,0
RNews_Mod,0
hoosakiwi,0
PuppiesbyPound,0
ReganDryke,0
DiggDejected,0
todayilearned83,0
gutpocketsucks,0
Kishara,0
girafa,0
theBelatedLobster,0
SomeCalcium,0
FletchDoesNotLive,0
mi-16evil,0
Dorkside,0
LiteraryBoner,0
MoviesMod,0
TeroTheTerror,0
Foxtrot434,0
madism,0
TheGreatZiegfeld,0
MidnightOcean,0
GetFreeCash,0
Bad_Badger,0
allwinter,0
spladug,0
alienth,0
bsimpson,0
rram,0
powerlanguage,0
bluepinkblack,0
sodypop,0
DaedalusMinion,0
pithyretort,0
boib,0
brigodon,0
themightiestduck,0
IAmTheRedWizards,0
Abe_lincolin,0
zomboi,0
CycleModRecs,0
wemtastic,0
elquesogrande,0
vincoug,0
BookAMA,0
KarlyPilkoids,0
Chtorrr,0
satanspanties,0
celosia89,0
euric,0
leowr,0
BooksAwards,0
okiegirl22,0
Prisaneify,0
Duke_Paul,0
davidreiss666,0
eronanke,0
Samuel_Gompers,0
Georgy_K_Zhukov,0
Daeres,0
marquis_of_chaos,0
historymodbot,0
turtleeatingalderman,0
cordis_melum,0
Quouar,0
Stellar_Duck,0
arminius_saw,0
Prufrock451,0
amici_ursi,0
starryeyedsky,0
buy_a_pork_bun,0
petulant_children,0
Trauermarsch,0
powerlanguagetest,0
cleopatra_philopater,0
WearyTunes,0
Precursor2552,0
DonaldFDraper,0
coinsinmyrocket,0
FantaToTheKnees,0
TonyQuark,0
squatly,0
kreius,0
randoh12,0
Minifig81,0
TheLadyEve,0
Pallas-Athena,0
Staticxtasy,0
rFoodMods,0
rbevans,0
bleuxert,0
Burnage,0
drunkentune,0
ADefiniteDescription,0
Son_of_Sophroniscus,0
TheGrammarBolshevik,0
twin_me,0
balrogath,0
oneguy2008,0
penpalthro,0
irontide,0
BernardJOrtcutt,0
brtw,0
DasHuhn,0
hero0fwar,0
ManWithoutModem,0
atticus138,0
greatyellowshark,0
NicholasCajun,0
RaginApe,0
Prax150,0
2th,0
Daleeburg,0
velkyr,0
YouWorkForMeNow,0
ElderCunningham,0
TheHat2,0
10-6,0
carmabound,0
love_the_heat,0
_lubricant,0
maybesaydie,0
J_Cru,0
Thumperings,0
saucemoney,0
AnthropomorphizedHat,0
theNYEHHH,0
preggit,0
Quietuus,0
powderdd,0
Respectfullyyours,0
neodiogenes,0
ArtModerator,0
sepponearth,0
RugerRedhawk,0
thisismydesktop,0
freeseasy,0
AlphaPigs,0
T_Dumbsford,0
DIYgent,0
TWiDIY,0
wtcnbrwndo4u,0
danauns,0
tsintse,0
Frostie2013,0
Guygan,0
jakkarth,0
brock_lee,0
Hareuhal,0
DavidLuizshair,0
bigslothonmyface,0
joelav,0
jakbot,0
kjoneslol,0
panickedthumb,0
Chezzik,0
ggitaliano,0
Walter_Bishop_PhD,0
Captainpatch,0
Zucal,0
Waz_Met_Jou,0
SpaceSidebar,0
CompiledSanity,0
cupcake1713,0
peterabbit456,0
dhamster,0
Ulvund,0
spunwasi,0
PhnomPencil,0
TheGhostOfDusty,0
cojoco,0
Alphadog33,0
MockDeath,0
iorgfeflkd,0
Jobediah,0
foretopsail,0
mobilehypo,0
BrainSturgeon,0
Brain_Doc82,0
niallmd,0
SnoLeopard,0
Astrokiwi,0
UncertainHeisenberg,0
Igniococcus,0
zephirum,0
GeoManCam,0
pancititito,0
jjberg2,0
fastparticles,0
jimmycorpse,0
jsdillon,0
seladore,0
TalksInMaths,0
djimbob,0
AsAChemicalEngineer,0
ihaveatoms,0
ren5311,0
OrbitalPete,0
rupert1920,0
Ruiner,0
Weed_O_Whirler,0
Halfmind,0
Silpion,0
Fjosnisse,0
TheCat5001,0
whatthefat,0
therationalpi,0
MattTheGr8,0
medstudent22,0
StringOfLights,0
99trumpets,0
Dannei,0
AskScienceModerator,0
AskScienceCalendar,0
nallen,0
misterlegato,0
xxx_yyy,0
Overunderrated,0
ForgottenPhoenix,0
Kegnaught,0
fishify,0
dazosan,0
leaffall,0
futrawo,0
thearn4,0
tvw,0
bluecoconut,0
adamsolomon,0
LuklearFusion,0
drzowie,0
PKThundr7,0
syvelior,0
Grep2grok,0
tigertealc,0
waywardminer,0
squidfood,0
Fenring,0
kajarago,0
Memeophile,0
Robo-Connery,0
ihateirony,0
adoarns,0
squidboots,0
EagleFalconn,0
jeargle,0
S_D_B,0
bellcrank,0
just_shaun,0
cdcox,0
Neko-sama,0
jlozier,0
evrae,0
vaderscoming,0
rusoved,0
FatSquirrels,0
bopplegurp,0
Wrathchilde,0
paradoxical_reaction,0
K04PB2B,0
billnyesbowties,0
medgno,0
pylori,0
soccernamlak,0
albasri,0
BlackManonFIRE,0
sverdrupian,0
Rodbourn,0
themeaningofhaste,0
CrustalTrudger,0
fathan,0
Clever-Username789,0
AGreatWind,0
cge,0
ididnoteatyourcat,0
nastyasty,0
searine,0
backlyte,0
endtime,0
Sirkkus,0
clessa,0
machsmit,0
docotis,0
belarius,0
skratchx,0
phdpeabody,0
BacteriaShepard,0
viscence,0
newnetmp3,0
alsiola,0
der1n1t1ator,0
just_commenting,0
Iyanden,0
captsuprawesome,0
davedarwin,0
respeckKnuckles,0
mindule,0
froschkonig,0
arabidopsis,0
doctordestiny,0
saprophyte,0
VeryLittle,0
dschmerl,0
MrPennywhistle,0
domcolosi,0
craklyn,0
freedryk,0
Excitonic,0
BodyCenteredCubic,0
robertskmiles,0
philoscience,0
NedDasty,0
carpecaffeum,0
f4hy,0
GayPerry_86,0
Typrix,0
icantfindadangsn,0
xenneract,0
Rain12913,0
bkanber,0
Hopeful_Optimism,0
tskee2,0
moistpantyhose,0
mamaBiskothu,0
mechamesh,0
theshizzler,0
harvman11,0
jmct,0
dunnp,0
uberhobo,0
ExdigguserPies,0
Delwin,0
GPSBach,0
gradies,0
IgnoranceIsADisease,0
pratchett2,0
rlgl,0
wbeaty,0
sunkid,0
grumbuskin,0
kroxywuff,0
rxvirus,0
fishwithfeet,0
miss_j_bean,0
PeoriaJohnson,0
gergles,0
guenoc,0
carbocation,0
MrsKytro,0
TwystedWeb,0
Azurphax,0
dbissig,0
memmek2k,0
ojiisan,0
chasebK,0
jxj24,0
subroutines,0
codechino,0
MurphysLab,0
KubaBVB09,0
getyourbaconon,0
mfukar,0
thejpp,0
sagard,0
EcologyAtom,0
Yes_That_Guy,0
heywhatwhat,0
dr_boom,0
NemoSum,0
anastas,0
aelendel,0
bobtentpeg,0
zelmerszoetrop,0
Juxy,0
TheBB,0
petejonze,0
neurocynic,0
Natolx,0
quatch,0
functor7,0
wazoheat,0
LukeSkyWRx,0
jac50,0
digitalneoplasm,0
Lusankya,0
the_dan_man,0
FoobarMontoya,0
TricksR4Hookers,0
simon425,0
MynameisB,0
Rastafak,0
taciturnbob,0
Copterwaffle,0
PhysicsHelp,0
wustl07,0
GentleStoic,0
Quakerlock,0
Jstbcool,0
aggieastronaut,0
Choosing_is_a_sin,0
porphyro,0
mynameismunka,0
ListenToTheMusic,0
DNAhelicase,0
daveshow07,0
KaptanOblivious,0
Apiphilia,0
Claymuh,0
Valaraiya,0
dampew,0
polostring,0
beaverjacket,0
germican,0
Farnswirth,0
ampanmdagaba,0
blk_hwk,0
fuyunoyoru,0
pengawin,0
RFEngineer,0
emtilt,0
NO_TOUCHING__lol,0
soccerscientist,0
Galactic-Unicorn,0
USMC0317,0
z4tz,0
eabrek,0
liquidanbar,0
ymersvennson,0
Laterow,0
sevares,0
gildedbat,0
SodiumEthylXanthate,0
Engineer_This,0
saptsen,0
walexj,0
CrazedBotanist,0
choc_is_back,0
alphaMHC,0
tay95,0
KeScoBo,0
DrPeavey,0
BillyBuckets,0
millionsofcats,0
SigmaStigma,0
pairyhenis,0
adamhstevens,0
pinytenis,0
Lowbacca1977,0
ragingclit,0
mehmattski,0
PatronBernard,0
ecopoesis,0
Feeling_Of_Knowing,0
CampBenCh,0
iyzie,0
dogdiarrhea,0
protocol_7,0
tigerhobs,0
Quant_Liz_Lemon,0
bashetie,0
thecrusha,0
csmit244,0
ducttapejedi,0
paulbenyan07,0
rouge_oiseau,0
norsoulnet,0
vaaaaal,0
maples_buick,0
NairForceOne,0
bioexplosion,0
ThrillHouse85,0
inventor226,0
JohnnyBxo,0
EddieTheDog,0
NV_Geo,0
WRCousCous,0
StarSnuffer,0
Mimshot,0
aggasalk,0
skleats,0
MJ81,0
nanopoop,0
Osymandius,0
potverdorie,0
vedderer,0
jaZoo,0
EmpyrealSorrow,0
Sunmann,0
nepharan,0
Das_Mime,0
dargscisyhp,0
DanielSank,0
tilia-cordata,0
neuropsyentist,0
rndom42,0
Chandley54,0
DrRedOrDead,0
lukophos,0
Uraneia,0
SynbiosVyse,0
baloo_the_bear,0
jddad,0
DocSpachemmen,0
minerva330,0
cortex0,0
Greyswandir,0
MrBlub,0
coforce,0
chondroitin,0
fractionOfADot,0
polistes,0
argh_name_in_use,0
codyish,0
HoneybeeGuy,0
lmxbftw,0
Merad,0
pjfoster,0
thesaxoffender,0
redspal,0
MrDeepTeeth,0
I_know_that_movie,0
raptorclaw,0
silvarus,0
haterunning,0
LongDistanceJamz,0
stereoearkid,0
Cicerho,0
p1percub,0
astrocubs,0
MoltenSlag,0
sciencepodcaster,0
photonHarvest,0
missdopamine,0
elitemeatt,0
rs6866,0
diazona,0
Gargatua13013,0
Rannasha,0
Midtek,0
ratwhowouldbeking,0
ScienceModerator,0
rantonels,0
superhelical,0
NawtAGoodNinja,0
Glaselar,0
TheObservantPheasant,0
craftservices,0
electric_ionland,0
UnclePat79,0
johnamo,0
theogen,0
kjoeleskapet,0
ReidZB,0
Ocean_Chemist,0
ouemt,0
pengdrew,0
AnecdotallyExtant,0
dodgermask,0
Andromeda321,0
whatisnuclear,0
drpeterfoster,0
DischordN8,0
pfisico,0
Zebrasoma,0
Coruscant7,0
Jeeebs,0
missingET,0
atomfullerene,0
mofo69extreme,0
msymeonides,0
byronmiller,0
sciklops,0
OldBoltonian,0
counters,0
cryoprof,0
RobusEtCeleritas,0
Alantha,0
AudiWanKenobi,0
MillenniumFalc0n,0
airmandan,0
Knowltey,0
max_vette,0
elfa82,0
x_minus_one,0
TAKEitTOrCIRCLEJERK,0
greenduch,0
Minecast,0
Soul_Shot,0
Kezika,0
_I_Have_No_Mouth_,0
Qu1nlan,0
IAMAVelociraptorAMA,0
KarmaNeutrino,0
NotTheOnionBot,0
capecodcaper,0
-Sam-R-,0
nix0n,0
wacrover,0
lukemcr,0
manbra,0
Geekymumma,0
sdn,0
Lynda73,0
lanismycousin,0
Batty-Koda,0
TIL_mod,0
NoCarrierHasArrived,0
Gustavobc,0
ibarabi,0
Bison_Rider,0
Carbon_Rod,0
Plainchant,0
gen3ric,0
mattymomostl,0
cmunerd,0
ScrewedThePooch,0
zonination,0
pentium4borg,0
welliamwallace,0
dequeued,0
Pzychotix,0
TheBatarang,0
i_am_viet,0
misnamed,0
MPTPWZ1026,0
catjuggler,0
Sorthum,0
ejly,0
tu_che_le_vanita,0
ronin722,0
supes1,0
mrmpls,0
PersonalFinanceMods,0
ironicosity,0
dihydrogen_monoxide,0
ed_lv,0
tubaleiter,0
CripzyChiken,0
maracle6,0
TheWrathOfKirk,0
lilfunky1,0
ARealRocketScientist,0
isobee,0
theADHDway,0
Hilltopchill,0
PaxilonHydrochlorate,0
IndexBot,0
darmon,0
thefortitude,0
PhoneDojo,0
TheMegaBenson,0
HIFW_GIFs_React_,0
Ghost_Animator,0
j0be,0
GifsModerator,0
Lobo2ffs,0
GifsModBot,0
evilnight,0
g_yore,0
selfabortion,0
xelested,0
GnomeSlice,0
Izlandi,0
l2t,0
INeedAnswers123,0
NaughtyGaymer,0
gorillagnomes,0
Werner__Herzog,0
wilbard,0
l2tbot,0
centralscruuutinizer,0
BotWatchman,0
PiggyWidit,0
AnOddName,0
StudabakerHoch,0
jollydonutpirate,0
piifunk,0
NorseFenrir,0
sawalrath,0
cahaseler,0
IAmAMods,0
iama_sidebar,0
Mikecom32,0
davec79,0
IAmAFlairBot,0
silverquest_28,0
carlinha1289,0
BillohRly,0
Camsy34,0
spez,0
Mart2d2,0
gooeyblob,0
umbrae,0
ggAlex,0
starfishjenga,0
Amg137,0
HiFructoseCornFeces,0
hiddentofu,0
redtaboo,0
demented_pants,0
LittleMissP,0
heatheranne,0
kallisti_gold,0
MeghanAM,0
ConfusedByPans,0
MetaBoob,0
spunshadow,0
kaisengaard,0
janeylicious,0
PoniesRBitchin,0
pintoftomatoes,0
Lil_Boots1,0
StabbyStabStab,0
tercerero,0
Lockraemono,0
Feyle,0
MaxisDiedForYourSims,0
ContentWithOurDecay,0
elegylegacy,0
iambecomedeath7,0
darkmannx,0
Jack_Shid,0
twilldy,0
Cmdr-Artemisia,0
karazykid,0
d4hm3r,0
cmd102,0
ObliviousHippie,0
Himekat,0
KBPrinceO,0
xRaw-HD,0
blindfate,0
nobody554,0
Ibitemynails,0
throwawatsalesman,0
xylonex,0
NoSleepAutoBot,0
EtTuTortilla,0
OnyxOctopus,0
theephemera,0
girlietrex,0
kneeod,0
awesome_e,0
TG_Alibi,0
badfakesmiles,0
Kerrima,0
Pswift777,0
clever_imposter,0
tashiwa,0
TheCourageWolf,0
jaxspider,0
Curlaub,0
mungoflago,0
k_princess,0
RyanKinder,0
SurvivorType,0
202halffound,0
mo-reeseCEO1,0
Lexilogical,0
brooky12,0
AliciaWrites,0
ManEatingCatfish,0
Nate_Parker,0
WritingPromptsRobot,0
Arch15,0
busykat,0
Nightingale115,0
MajorParadox,0
SqueeWrites,0
xxxkangarouxxx,0
fringly,0
FireWitch95,0
you-are-lovely,0
ScarecrowSid,0
err_ok,0
madlabs67,0
OuranosGi,0
Kaycin,0
Shigofumi,0
favoritehello,0
Dropping_fruits,0
RalphiesBoogers,0
Kbungo,0
mcagent,0
JoyousCacophony,0
IupvotestupidCRAP,0
Bazilicarno,0
AvadaKedavra03,0
atomicspace,0
TheLegitMidgit,0
Jaraxo,0
PornOverlord,0
soupyhands,0
TheRedditPope,0
dakta,0
DominicDom,0
agentlame,0
karmicviolence,0
sfitznott,0
I_AM_STILL_A_IDIOT,0
Gaget,0
scyice,0
stengebt,0
unknown_name,0
jsmooth7,0
t0asti,0
TehAnon,0
bossgalaga,0
Mason11987,0
kouhoutek,0
SecureThruObscure,0
doc_daneeka,0
ELI5_Modteam,0
Santi871,0
buried_treasure,0
teaearlgraycold,0
ACrusaderA,0
mjcapples,0
ImALittleTeaBot,0
Snewzie,0
X7123M3-256,0
blablahblah,0
WRSaunders,0
Rhynchelma,0
ELI5_BotMod,0
HugePilchard,0
Mr-Magnus,0
letstrythisagain_,0
kodack10,0
h2g2_researcher,0
Curmudgy,0
cow_co,0
sterlingphoenix,0
Jim777PS3,0
terrorpaw,0
Hatherence,0
LoveOfProfit,0
pcliv,0
lostintransactions,0
drumcowski,0
keyboardcowsnowboard,0
stopscopiesme,0
IAmAN00bie,0
Hardcorish,0
5loon,0
TeaDranks,0
ThePis7olStar,0
Lilgherkin,0
WaitForItTheMongols,0
illQualmOnYourFace,0
suchsmartveryiq,0
efflicto,0
Xenophon1,0
ion-tom,0
Chispy,0
mind_bomber,0
Gobi_The_Mansoe,0
Buck-Nasty,0
Yosarian2,0
ImLivingAmongYou,0
FuturologyModTeam,0
lughnasadh,0
Mod_Button_Bot,0
mrnovember5,0
n4noNuclei,0
Arzu1982,0
Sirisian,0
abrownn,0
MCvarial,0
rotorcowboy,0
chocolate4tw,0
Tatebeatz,0
neofusionzero,0
exoendo,0
spam_watcher,0
atomichugbot,0
thatoneguydunno,0
rawveggies,0
theskabus,0
DaminDrexil,0
Captain_McFiesty,0
FueledByCoffee,0
humortogo,0
RoyalPrinceSoldier,0
lains-experiment,0
Shappie,0
PhotoShopBattles,0
ApiContraption,0
PSBBot,0
tacothecat,0
BestofPSB,0
PSB-209,0
Photoshopbattlesbot,0
_korbendallas_,0
facklestix,0
bhrossman,0
Tryxster,0
RedSquaree,0
Jobeanie123,0
lovemeorrageme,0
Cereal_Addict,0
root_su,0
RocketLL,0
jonno87685,0
amphetamachine,0
gynoceros,0
smallclanVT,0
rhiever,0
Geographist,0
frostickle,0
NonNonHeinous,0
Vizual-Statistix,0
DataIsBeautifulMod,0
sarahbotts,0
_tungs_,0
mu_Bru,0
yelper,0
Panda_Muffins,0
ostedog,0
lmaotsetung,0
Izawwlgood,0
Pelusteriano,0
Qazzy1122,0
kinda_alone,0
rya11111,0
the_dinks,0
Quick_man,0
ParalyzedFire,0
simon_guy,0
s4hockey4,0
justmikeandshit,0
pyrowolf8,0
NotANestleShill,0
Shylo132,0
EdaciousE,0
ActuallyDavid_,0
TIFU_mods,0
SwiggitySwat,0
The1RGood,0
The--Marf,0
johnsmcjohn,0
IWannaPuke,0
awkwardtheturtle,0
ThatAstronautGuy,0
voodomac11,0
mrlapista,0
labudda,0
ellepelle27,0
razorsheldon,0
upliftingnews,0
amputeenager,0
Roastmasters,0
durandaI,0
superjack46,0
AerateMark,0
K_Lobstah,0
moonchav,0
Kesha_Paul,0
Lensing,0
aetherman,0
tara1,0
TheNeutralParty,0
Asterix1806,0
smoke420potweed,0
D0cR3d,0
Wrenny,0
PanicOnFunkotron,0
thirdegree,0
womm,0
jedberg,0
ketralnis,0
davean,0
noswad4,0
shadydentist,0
helm,0
Inri137,0
Aniridia,0
FlaviusValerius,0
Cliff254,0
BugeyeContinuum,0
MRIson,0
Dr_Peach,0
Soul_Rage,0
Subgranules,0
troixetoiles,0
doggy_styles,0
chrisbaird,0
DijonPepperberry,0
Former_FA,0
Unidan,0
xrelaht,0
Golden-Death,0
BunBun002,0
blufox,0
firedrops,0
FinalDoom,0
shadow1515,0
shalalam,0
Kursed_Valeth,0
UncleMeat,0
crappysurfer,0
fhi08,0
sinenox,0
PapaMancer,0
organiker,0
Mizar83,0
Tetrazene,0
coldfrontin,0
HippocriteOfCos,0
Neurokeen,0
LeChatelier,0
XIllusions,0
mattc286mod,0
Camona2333,0
feedmahfish,0
CyaNBlu3,0
glr123,0
bass_voyeur,0
tindolos,0
MIBPJ,0
Scienceonyourface,0
cerlynn,0
usethese,0
melikeyguppy,0
ReginaldIII,0
Bioman35353,0
tulbot,0
forest_fire,0
mmtrebuchet,0
nousernamesavailable,0
Justiceforallhobos,0
flutterfly28,0
FluorescentBug,0
Histidine,0
TheOriginalShummy,0
propargyl,0
IceBean,0
bheklilr,0
CompMolNeuro,0
Ariocabron,0
Banach-Tarski,0
Dolphlungegrin,0
ablindmansees,0
dinoparty,0
Aerothermal,0
BigSaggyWeenis,0
chrisms150,0
JoeCoder,0
ljvillanueva,0
kelvindegrees,0
Laughing_Chipmunk,0
MoreBeansAndRice,0
hobbycollector,0
ktbug1987,0
micromonas,0
msgbonehead,0
lightamanonfire,0
bethisimo,0
danc1005,0
bornNraisedNfrisco,0
avboden,0
SilverSnakes88,0
rhoffman12,0
Pandamonium888,0
SDH500,0
sasmon,0
Oogaman00,0
nucl_klaus,0
susscrofa,0
Yankee_Gunner,0
SingleMonad,0
nocaph,0
protonbeam,0
TrevelyanISU,0
omnilynx,0
Providang,0
perpetualgroove,0
Originholder,0
waterpew,0
Stangmeister,0
Tiyrava,0
panzerliger,0
ProfessorLional,0
Fishing-Bear,0
aznsk8s87,0
RadicalEucalyptus,0
manusmad,0
DrGar,0
xartemisx,0
heb0,0
Quoonit,0
GingerAnthropologist,0
jalees,0
Hindsight_DJ,0
TimeGrownOld,0
QComputers,0
DrRonnieC,0
bigleaguechyut,0
neubroscience,0
masayaanglibre,0
AJistheGreatest,0
MentalMarketer,0
mdbrooks,0
dailyskeptic,0
whiteknight521,0
RooMagoo,0
NotoriousSIG,0
lysozymes,0
squarlox,0
mcur,0
hebug,0
thgibbs,0
cefpodoxime,0
ntlaxboy,0
thatguydr,0
jad2121,0
Camerongilly,0
thesham01,0
wighty,0
ahoff,0
onacloverifalive,0
SirT6,0
zlevine,0
WolfDoc,0
laziefred,0
reciprocalhokie,0
softmatter,0
krom0025,0
mjmed,0
Solfire,0
Psionx0,0
StonedPhysicist,0
risingyeast,0
biledemon85,0
tupper,0
twentyafterfour,0
unfallible,0
Jjameyson,0
club_med,0
ironicname,0
_sword,0
ohsnapitsnathan,0
nero_sable,0
amaurer3210,0
Donjuanme,0
zell298,0
electrostaticrain,0
funknjam,0
naturenet,0
steyr911,0
Ronmeista,0
shlam16,0
karlrocks23,0
FenixAK,0
lugnut92,0
cteno4,0
Magick-NL,0
coreymg,0
bradleyvoytek,0
k4ylr,0
PapaNachos,0
trebuday,0
ITwitchToo,0
grandweapon,0
Lancaster1983,0
Squeezer99,0
angleglj,0
osprey413,0
Tweeeked,0
kaeli42,0
footcreamfin,0
elfofdoriath9,0
itsalldark,0
Frozenshades,0
theschwaa,0
DemonKingWart,0
Deightine,0
r_plantae,0
myrandomone,0
ar312,0
ecb29,0
WearMoreHats,0
AeroLightning,0
Microblogula,0
BearcatChemist,0
julio1990,0
punkgeek,0
persiansown,0
SpookyShyGhosty,0
DJBunBun,0
Tigeris,0
McFlare92,0
myersjustinc,0
mdz92,0
chulaire,0
AdidasPete,0
MarlDaeSu,0
frankchn,0
BSinZoology_LOL,0
harkatmuld,0
carmacae,0
Cnp113,0
FeetSlashBirds,0
gimbb14,0
entrancedzeda,0
Bffls,0
Draco12333,0
korkow,0
kcripe,0
xhlmzr,0
gohanssb,0
txcotton,0
First_Child,0
yanminor,0
GnomeCzar,0
Todd_The_Sailor,0
cjbrigol,0
Vorticity,0
rigormorty,0
urides,0
FiringMechanism,0
reccos7,0
FizzedInMyPantz,0
uhkhu,0
AssholeBot9000,0
Fenzik,0
Belteshassar,0
ammzi,0
RectalTourist,0
Powgow,0
footiebuns,0
marleythebeagle,0
ttotheodd,0
ricecooking,0
saad93,0
idm04,0
ursusoso,0
Heartsong_,0
TheMuslinCrow,0
FogItNozzel,0
pjwally,0
tioguerra,0
KalterTod,0
likenedthus,0
cr4ter,0
lambonius,0
pyroaxis,0
Viros,0
rubicon_crossed,0
Meatballosaurus,0
Tenaciousgreen,0
st_aldems,0
_Rocha,0
askantik,0
sopunny,0
the_mullet_fondler,0
wil3,0
1nVu,0
IcarusFalls15,0
KrishP93,0
DrDaniRowles,0
Lihadrix,0
IAmVeryStupid,0
The_Benthic_Zone,0
EntropyXe,0
morgenzi,0
Sublyminality,0
olorwen,0
kevjohnson,0
GodoBird,0
Bagsdontgoinpipes,0
amenadiel,0
aliertugr,0
LazySamurai,0
godspeed413,0
WalkInLove,0
0x12is18,0
Vaines,0
arwidcool,0
dr_stogie,0
gimpwiz,0
hennirl,0
whyamiupthislate,0
that_engineer,0
corner_case,0
cardboard_dinosaur,0
Podo13,0
occamsshavecream,0
Pennyw1se,0
DJHellduck,0
wojx,0
jsto1886,0
vini710,0
TheLabMix,0
RaoOfPhysics,0
Flazer,0
sup3r_hero,0
physicswizard,0
Mister_Bloodvessel,0
breakfast144,0
Give_Me_Cash,0
TyTAF,0
Milwo,0
compaqdrew,0
Amp4All,0
keep_it_civil,0
JHappyface,0
chemnerd123,0
KMKtwo-four,0
Pluckerpluck,0
kerovon,0
Mercarcher,0
Algee,0
_DrPepper_,0
pkbowen,0
Finie,0
SirBaconPants,0
pants2422,0
Maxim_Makukov,0
Vic_n_Ven,0
Strife0322,0
puckishfiend,0
danisnotfunny,0
Nerobus,0
jaldmn,0
LOOKITSADAM,0
QuantumFX,0
captainjon,0
puterTDI,0
sewerbass,0
fsmpastafarian,0
belvedere9,0
coolkid1717,0
shadowwork,0
Veruka_Salt,0
sherkaner,0
alok99,0
rasputine,0
slowlyslipping,0
Cletus_awreetus,0
phobiac,0
thisdude415,0
Pilipili,0
paradoc,0
Kaunigmna,0
Chawp,0
humblerodent,0
bijibijmak,0
azendel,0
ffiarpg,0
lacrosse1991,0
lasserith,0
Eltargrim,0
RayDeemer,0
groshh,0
perfekt_disguize,0
d4rch0n,0
price0416,0
icecreambones,0
Sadnot,0
PurplePotamus,0
BizCaus,0
TehFono,0
mrfloopa,0
ShakesJr,0
galaxxus,0
purpletraitor69,0
00malibubarbie00,0
downvote_vortex,0
lheritier1789,0
canekicker,0
Not_that_kind_of_DR,0
friendsanemones,0
allanbrokeit,0
FFjake,0
fatfreemilkman,0
omega2four,0
Cobrajr,0
Ashewyn,0
pwr22,0
Ratmonger,0
Supersly1992,0
medigun,0
strongbob25,0
FoolsErrend,0
olhmr,0
crawlingfasta,0
marchaeus,0
Phrenchie,0
DemMangos,0
da6id,0
AdrianBlake,0
Athaza,0
The_Dark_Kniggit,0
owiseone23,0
invirtibrite,0
odsquad64,0
breathingcarbon,0
rdiaz022,0
swag_train,0
ZombieNurse,0
mziff,0
MotherProfessor,0
3mpir3,0
AllHailScience,0
bea_bear,0
_kb,0
Apollo506,0
ProfessorJNFrink,0
DrSta,0
aLightBraise,0
Ape1,0
limeflavoured,0
Evelyght,0
muz911,0
Slimy_turtles,0
ima_mo,0
darkPrince010,0
Frobeniu5,0
Goatsarebest,0
SilverSlothmaster,0
j_mcm,0
ZeroTo325,0
nj47,0
brandonjs,0
FeralSheep,0
dedasdude,0
Skajadeh,0
shibbles_,0
pinksultana,0
goodtincture,0
neuro_neurd,0
girlborealis,0
WhatTheHorcrux,0
Ax3m4n,0
beachdriving,0
apostate_of_Poincare,0
indigoC,0
YouHadItComing,0
Scruffs,0
childpsych,0
zian,0
ComputerPlayerOne,0
shorterthantherest,0
Shion314,0
vstreva,0
Iron_Kosmonaut,0
woodsbookswater,0
gammadeltat,0
ma6ic,0
ACDCrocks14,0
Comoquit,0
Callif,0
connormxy,0
M1st3rYuk,0
DrDueSs,0
Paranemec,0
RealityApologist,0
Fighting_EBV,0
Aarcc,0
Artymess,0
bonez656,0
Justtryme90,0
MartyMcSmartyPants,0
PlantedDerp,0
biocuriousgeorgie,0
Ptitlaby,0
lulintori,0
saviourman,0
ncarducci,0
Gendibal,0
PM_ME_YOUR_DRUNK_PIC,0
LordQuagga,0
sifav6,0
Halloysite,0
dbarbera,0
Ceptyr,0
marsyred,0
violetdragonfly,0
Dennis_Langley,0
thatisgrossman,0
AnonSocialist,0
am_i_wrong_dude,0
cronbachs_beta,0
engineerme9,0
PeruvianHeadshrinker,0
quickclickz,0
xtalicious,0
WallCatticus,0
matthew_green,0
ThePr1march,0
ookwrd,0
lisasaurusRex,0
raven12456,0
shenuhcide,0
poltyy,0
_disguy,0
Optimoprimo,0
lablizard,0
rutiene,0
PHealthy,0
WaitingToTakeYouAway,0
bupps5,0
texaspsychosis,0
bcain204,0
96385,0
flyawaytoday,0
mherr77m,0
BeerDuh,0
Zarrah,0
dadrummond,0
skrenename4147,0
calling_you_dude,0
xmasjacksonflaxon,0
GhostofJeffGoldblum,0
MDmondays,0
JerkfaceMcGee,0
falstaf,0
nygreenguy,0
quattro,0
Entity420,0
catsofnewyork,0
GodlessScientist,0
Kativla,0
dukec,0
RespekKnuckles,0
shwag945,0
tendorphin,0
EpicTRC,0
phamism,0
supernova1992,0
Simkin-PhD,0
Farseli,0
rileyluck,0
Nodonn226,0
ABQPHvet,0
guttata,0
MrSquig,0
GentlemanGallimaufry,0
KakarotMaag,0
limbicslush,0
kaztrator,0
mishellular,0
gingerjojo,0
thelordplatypus,0
anlumo,0
winnai,0
nedlinin,0
pensivebadger,0
slingbladerunner,0
dildormastiff,0
The21stPotato,0
MrPoppersPuffins,0
brom333,0
gm2,0
kblaney,0
toolatealreadyfapped,0
anonymous248,0
gameoftomes,0
FridaG,0
clrokr,0
pasimako,0
joevector,0
BurkeyAcademy,0
helluvascientist,0
rs039,0
jimi_sanchez,0
forthewolfx6,0
IamPhoReal,0
kyew,0
yankeefan7847,0
catman2021,0
notinsanescientist,0
jlynnrd,0
Jmadman311,0
drjonesenberg,0
zjs,0
jasondossett,0
shiruken,0
uke_cupcake_cwon,0
SquirrelNoises,0
Strayphoenix6,0
funkiknight,0
Pavlovs_Mutt,0
shadowfu,0
WhereAmIGoingFrom,0
clavulanate,0
Ruddeck,0
pcinvivo,0
xSacredLotus,0
boxkat,0
raywinray,0
niveknus,0
dsh1234,0
mrmojorisingi,0
PigFarmington,0
subtly_irritated,0
nukedetectorCA94612,0
RhonaStuart,0
runlifteatsleep,0
duncanstibs,0
past_is_future,0
Anzerou,0
sckulp,0
doseid,0
hadesflames,0
trainwreck42,0
e_swartz,0
tlcooper2,0
Nanorein,0
TehSquid,0
Digging_For_Ostrich,0
_Rooster_,0
THHUXLEY,0
NeedMoreCaffeine,0
Devidose,0
GTxCiviL,0
wickedsweetcake,0
will592,0
TheShawnAvery,0
asmi_kyle,0
jessegammons,0
klmarshall,0
rtphokie,0
Forsaken_Bulge,0
Genmutant,0
crustymech,0
cos,0
ttallwr,0
shlotchky,0
Hindu_Wardrobe,0
Kenley,0
paxmontis,0
KakoiKagakusha,0
bigmansam45,0
rseasmith,0
honkeycorn,0
FatRatSatCatBat,0
pettervikman,0
SipTime,0
freevortex,0
JaredOnly,0
gupe,0
DragonFive,0
Yuki-no-Kage,0
ryanjgill2,0
jeffykins,0
trickyspaniard,0
sterben,0
StephanLewandowsky,0
Multigrain9867,0
femanonette,0
beastdoctor,0
mazca,0
juicebox_,0
ccoffrin,0
Twitch89,0
womanwithbrownhair,0
1254,0
adenovato,0
sexybeastscotty,0
awinnerneedsawand,0
lovetoujours,0
Wiggly_Sparklez,0
acl5d,0
practically_sci,0
warwick607,0
hubris105,0
daboose,0
canoodle_me,0
ElGeek,0
WELLinTHIShouse,0
carljoseph,0
Beaun,0
rifenbug,0
TheSeventhCircle,0
kmarple1,0
jayco,0
godsenfrik,0
hutima,0
milias3303,0
bravo_bravos,0
Dr_T_Brucei,0
lucaxx85,0
otasyn,0
B1ack0mega,0
SmiTe1988,0
michiexile,0
UnidanX,0
bongoherbert,0
invisiblewardog,0
drktmplr12,0
Mbando,0
Leena52,0
eigenvectorseven,0
Qwertysapiens,0
Zeliss,0
karptonite,0
neurobeegirl,0
willandbeyond,0
Kai_,0
tigerscomeatnight,0
nubcakefactoryy,0
Ace-of-Spades88,0
StigDoesntFart,0
RobotEngineerGirl,0
CptSnowcone,0
kaleidoscopic_prism,0
joshuaseckler,0
RexScientiarum,0
kma181,0
aayush387,0
apjashley1,0
gingerlovingcat,0
Tripudelops,0
plorraine,0
pessimistic_chemist,0
askLubich,0
Nostalgia00,0
thenaterator,0
Phobos1393,0
Corruptionss,0
USKira,0
IronMaiden0329,0
iRyanLV,0
jsawler,0
NanoChemist,0
ProfessorSoAndSo,0
jpgray,0
glr_mod,0
life-finds-a-way,0
kelminak,0
Carl_Sagan21,0
kamronb,0
subito_lucres,0
monkeydave,0
smbtuckma,0
flagrantfoul,0
herbw,0
avara88,0
fireking99,0
uber_poutine,0
BiologyIsHot,0
RedLeg13,0
tlubz,0
jolindbe,0
ksarma,0
Thats___Interesting,0
chad_brochill69,0
bob8436,0
VesperJDR,0
Grabthelifeyouwant,0
basilect,0
wljay,0
TheSuperSax,0
DrunkPanda,0
kfreed12,0
sherlocksrobot,0
drsjsmith,0
ghjm,0
AladeenAlWadiya,0
wadss,0
BlazingB,0
Snowtsuku,0
sahelanthrope,0
duhnuhnuh_duhnuhnuh,0
thermos26,0
GaMe_PTY,0
mixedmath,0
Rather_Unfortunate,0
Rollow,0
erlendig,0
jadentearz,0
emsmale,0
learningtheflowers,0
TheSlaughterrr,0
DrShrime,0
fubar,0
Vogtster,0
bacardi_gold,0
jswhitten,0
IAmRadish,0
heidavey,0
midnyghtchilde,0
tonusbonus,0
AllButImpossible,0
lawdy_lawd,0
Lunares,0
valiantw,0
njggatron,0
IonicPenguin,0
Real_MikeCleary,0
firststop__svalbard,0
Shrinking-Nox,0
filolifts,0
DiscursiveMind,0
AltoidNerd,0
fantalemon,0
liamkun,0
Scrennscrandley,0
qwop271828,0
NicoleASUstudent,0
chriscpritchard,0
Jonstrocity,0
Kaell311,0
cleverlikeme,0
ponchoskunk420,0
equationsofmotion,0
ms_g_tx,0
FrothyWhenAgitated,0
Pergamum_,0
SCAtomika,0
Jv01,0
roatit,0
Heuronian,0
ukez,0
shiftt,0
kimonoko,0
LiveMaI,0
jaythespacehound,0
cjsed,0
David_Barros,0
MisterGreyMatter,0
kriegeson,0
elvin_estrada,0
bourbonandcoffee,0
_chrisc_,0
Naturean,0
HeyLookJollyRanchers,0
MCsmalldick12,0
biohazmatt,0
Fear_ltself,0
Doowstados,0
DoggedlyDauntless,0
ndahlwilawina,0
Adeelinator,0
SergejButkovic,0
AlNejati,0
theradek123,0
Chupacabrasaurus,0
prophet1022,0
jono199,0
PikminGod,0
6aff,0
-pba,0
CU_Beaux,0
yutripn,0
TheWhiteSpark,0
DrCBob,0
donuts500,0
FarazR90,0
Royness,0
katydid15,0
VictorVenema,0
chamolibri,0
mofosyne,0
PossumKing,0
natematias,0
cut_chemist_,0
soupvector,0
leukocytosis,0
CD11cCD103,0
Icayna,0
DavidAJoyner,0
Starsy,0
nate,0
Lewin4ever,0
EarwaxUK,0
DontReinventAspirin,0
CynicKitten,0
GrizzlyRhyme,0
immasciencit,0
m1l4droid,0
quinobequin,0
teekling,0
televoxy,0
thejacob5,0
iamnomoney,0
Sugarpeas,0
ecooevo,0
colditzjb,0
RogueJD,0
ThomasMarkov,0
Jimbo762au,0
maximumtaco,0
GodAImighty,0
Im_A_Ginger,0
BlackTieButtPlug,0
rustypete89,0
OSUCOWBOY1129,0
jamimmunology,0
MademoiselleEcarlate,0
PlanetGoneCyclingOn,0
swimfast58,0
aphysicist,0
JenniferColeRhuk,0
goodygood_274,0
greglyon,0
Forgott3n,0
herman3thousand,0
vinnyt16,0
FataOne,0
nosliwhtes,0
halfshellheroes,0
ncahill,0
EconMan,0
Jb191,0
FullHavoc,0
jetbent,0
TwinTipZ,0
fuzzymidget,0
LokiAir,0
rslake,0
VvermiciousknidD,0
Ltol,0
KrAzyDrummer,0
BecauseChemistry,0
evilvee,0
Elhehir,0
davedude82,0
Bull3t_Th3ory,0
Iamamanlymanlyman,0
tilman2015,0
crudent,0
piadista,0
Micro_M,0
MrRichyy,0
khaeen,0
papasmurf61,0
nyrangers30,0
polymorphicprism,0
with2as,0
gmbrown21,0
LeviathanLily,0
EpicScience,0
SomberForest,0
III-Nitrides,0
dr_ajc,0
OSUBrit,0
glasscasket,0
fabulasator,0
Andromedonian,0
askja,0
arsenalca,0
AmateurHero,0
SFRG,0
Rhodopsin_Less_Taken,0
cc_cyanotephra,0
Austion66,0
AlesioRFM,0
zach_255,0
AlexWIWA,0
Ksco,0
fokaimori,0
HeraticAssassin,0
curiousbuddha,0
tlee275,0
andumar,0
glrbot,0
Trolske,0
theforbiddenshadow,0
NikolaTwain,0
Nepluton,0
Lyucit,0
satan_loves_us,0
Bollaa,0
D-o-Double-B-s,0
funsizedfemale,0
blot101,0
funkmatician2014,0
Misoura,0
SummerInPhilly,0
jellymanisme,0
WKCLC,0
t3hasiangod,0
gonefishn,0
tizzy62,0
mpcfuller,0
Sillocan,0
sadpeanut,0
biopsych,0
Syn-Xerro,0
jamnjustin,0
awrf,0
Sjonesej0,0
fasterbeef,0
ReMiiX,0
gotang,0
JupiterXX,0
BeSkepticalOfAll,0
qgomega,0
driscoll97,0
mattv8,0
Grantangry,0
halborn,0
kidcodiwise,0
DonQuesoDeLaVega,0
chendamoni,0
riptide13,0
QuantumKittydynamics,0
Nheea,0
TelemarketingEnigma,0
DalisCar,0
halite001,0
S0K4R,0
ohbyabbyjoy,0
synbiologist,0
Lord_Noble,0
medguyds,0
Shankovich,0
DuckHuntHotDog,0
Sexysilvia,0
ktm9292,0
Tamatone,0
green_scream,0
peterwc,0
RuhRuhRogerThat,0
imVINCE,0
greenging,0
DaKelster,0
simonsky,0
dtmtl,0
hilldr,0
MattEOates,0
CivilServantBot,0
rockjoc,0
Civ4ever,0
abloomquist,0
Chemicalsockpuppet,0
FriendlyYak,0
USModerate,0
MilkyWitness,0
Dillonmedlock,0
roderikbraganca,0
silverpony24,0
cardmage7,0
Arthur233,0
danesgod,0
sierrafourteen,0
Eitoku_K,0
nathancurtis11,0
Grebuman,0
audma,0
fiafia127,0
ccesare,0
Ableo,0
mgrau,0
denzil_correa,0
StellaAthena,0
charmgoggles,0
superaub,0
raulf2012,0
sureshkari,0
oloaptacis,0
durpfursh,0
NylonStark,0
AnakinGabriel,0
aoifesuz,0
Nishymaniac,0
Badd_,0
artfuldawdg3r,0
morningsunbeer,0
GregoryEAllen,0
jayhigher,0
TheStevenZubinator,0
thisisallme,0
vilnius2013,0
MagicWhistleca,0
kosanovskiy,0
jackalope3000,0
saluff,0
tyquig,0
skte1grt,0
VictorianPornStar,0
kougabro,0
Kopuk_Ucurtma,0
rootedVette,0
jay462,0
michaelrw10,0
DrZack,0
Young_Zaphod,0
Dizzy_Science,0
MrMango786,0
gobakhan,0
dmart030,0
discofreak,0
divvyflax,0
mmm_toasty,0
Thermoelectric,0
viking_,0
WellAsk,0
TheHye,0
edcba54321,0
mandragara,0
SableProvidence,0
_beeb,0
BokononI9,0
Willmono7,0
gadgets,1
sports,1
gaming,1
pics,1
worldnews,1
videos,1
AskReddit,1
aww,1
Music,1
funny,1
news,1
movies,1
blog,1
books,1
history,1
food,1
philosophy,1
television,1
Jokes,1
Art,1
DIY,1
space,1
Documentaries,1
askscience,1
nottheonion,1
todayilearned,1
personalfinance,1
gifs,1
listentothis,1
IAmA,1
announcements,1
TwoXChromosomes,1
creepy,1
nosleep,1
GetMotivated,1
WritingPrompts,1
LifeProTips,1
EarthPorn,1
explainlikeimfive,1
Showerthoughts,1
Futurology,1
photoshopbattles,1
mildlyinteresting,1
dataisbeautiful,1
tifu,1
OldSchoolCool,1
UpliftingNews,1
InternetIsBeautiful,1
science,1
